,,Name,"Profile ID",Date,Likes,Comment,"Comment ID","(view source)"
1,,fridalopezzz,308111803,"2021-09-06 19:07:22",0,"@recinosfabi segui a las cuentas plsssss",17890459553374260,https://www.instagram.com/p/CTdkvFPoVZ3/c/17890459553374260
2,,fridalopezzz,308111803,"2021-09-06 19:07:31",1,"@karlita_recinos segui a las cuentas plssss",17911188296017674,https://www.instagram.com/p/CTdkvFPoVZ3/c/17911188296017674
3,,fridalopezzz,308111803,"2021-09-06 19:07:55",0,"@zarina.garciaa segui a las cuentas amiga plsss❤️",17884116233375126,https://www.instagram.com/p/CTdkvFPoVZ3/c/17884116233375126
4,,fridalopezzz,308111803,"2021-09-06 19:09:54",0,"@allysoncz segui a las cuentas pls!!❤️",17878376933480432,https://www.instagram.com/p/CTdkvFPoVZ3/c/17878376933480432
5,,fridalopezzz,308111803,"2021-09-06 19:10:04",1,"@alecamposeco98 segui a las cuentas plasss😢❤️",17911489840897807,https://www.instagram.com/p/CTdkvFPoVZ3/c/17911489840897807
6,,fridalopezzz,308111803,"2021-09-06 19:11:06",1,"@karencordon_  segui a las cuentas plssss❤️❤️❤️",17909850776025503,https://www.instagram.com/p/CTdkvFPoVZ3/c/17909850776025503
7,,fridalopezzz,308111803,"2021-09-06 19:11:20",1,"@andreapocasangre segui a las cuentas pls!❤️",17914538224954044,https://www.instagram.com/p/CTdkvFPoVZ3/c/17914538224954044
8,,fridalopezzz,308111803,"2021-09-06 19:12:15",0,"@gabypineda9 segui a las cuentas pls amiga❤️",18247403527034463,https://www.instagram.com/p/CTdkvFPoVZ3/c/18247403527034463
9,,fridalopezzz,308111803,"2021-09-06 19:12:36",0,"@dulceee.g segui a las cuentas por fis amigaaaa",17950593118516409,https://www.instagram.com/p/CTdkvFPoVZ3/c/17950593118516409
10,,fridalopezzz,308111803,"2021-09-06 19:12:44",1,@carloscuellark!!!!,17909066206975086,https://www.instagram.com/p/CTdkvFPoVZ3/c/17909066206975086
11,,blossom_wonder,182992786,"2021-09-06 19:17:07",0,"@rocihern.g 🔥 nos merecemos esto❤️❤️ mira su ropa que es hermosaaa😍",17921031556848302,https://www.instagram.com/p/CTdkvFPoVZ3/c/17921031556848302
12,,blossom_wonder,182992786,"2021-09-06 19:17:37",1,"@luciita_morales 🔥 mira esta ropa💓",17901635711189010,https://www.instagram.com/p/CTdkvFPoVZ3/c/17901635711189010
13,,monica192,234255822,"2021-09-06 19:24:07",0,@anaarciam,17971613239429576,https://www.instagram.com/p/CTdkvFPoVZ3/c/17971613239429576
14,,monica192,234255822,"2021-09-06 19:24:11",0,@fiazelaya,17931597871715535,https://www.instagram.com/p/CTdkvFPoVZ3/c/17931597871715535
15,,monica192,234255822,"2021-09-06 19:24:15",0,@ineortizw,18176776720178861,https://www.instagram.com/p/CTdkvFPoVZ3/c/18176776720178861
16,,monica192,234255822,"2021-09-06 19:24:20",0,@cristine_arzu,17853407555632656,https://www.instagram.com/p/CTdkvFPoVZ3/c/17853407555632656
17,,monica192,234255822,"2021-09-06 19:24:27",0,@lulumolinat,18202861501096016,https://www.instagram.com/p/CTdkvFPoVZ3/c/18202861501096016
18,,monica192,234255822,"2021-09-06 19:24:31",0,@dani.duarteh,17934084685652720,https://www.instagram.com/p/CTdkvFPoVZ3/c/17934084685652720
19,,chinabanus,1557907943,"2021-09-06 19:27:43",1,@nadiafitlosophy,17894650424220025,https://www.instagram.com/p/CTdkvFPoVZ3/c/17894650424220025
20,,chinabanus,1557907943,"2021-09-06 19:27:47",0,@majoenriquez,17899717190272640,https://www.instagram.com/p/CTdkvFPoVZ3/c/17899717190272640
21,,chinabanus,1557907943,"2021-09-06 19:27:58",0,@danisosabanus,17867410379589783,https://www.instagram.com/p/CTdkvFPoVZ3/c/17867410379589783
22,,chinabanus,1557907943,"2021-09-06 19:28:05",0,@nishomoll,17890685555294986,https://www.instagram.com/p/CTdkvFPoVZ3/c/17890685555294986
23,,claudiapaiz,49031943,"2021-09-06 19:31:14",0,@katinacastaneda,17910779816053130,https://www.instagram.com/p/CTdkvFPoVZ3/c/17910779816053130
24,,pauarriaza,194208100,"2021-09-06 19:34:14",0,"@andreafernandez_94 participaaa 🙌",17933739253650181,https://www.instagram.com/p/CTdkvFPoVZ3/c/17933739253650181
25,,pauarriaza,194208100,"2021-09-06 19:34:38",0,"@camiturcios participaa morst ❤️",17884079222375977,https://www.instagram.com/p/CTdkvFPoVZ3/c/17884079222375977
26,,pauarriaza,194208100,"2021-09-06 19:34:55",0,@paulagpresa,18091756657275896,https://www.instagram.com/p/CTdkvFPoVZ3/c/18091756657275896
27,,mpquezadam,44214221,"2021-09-06 20:21:12",0,@nosoytustylist,17892614123256353,https://www.instagram.com/p/CTdkvFPoVZ3/c/17892614123256353
28,,mpquezadam,44214221,"2021-09-06 20:21:16",1,@alexiamaegli,18179527783180530,https://www.instagram.com/p/CTdkvFPoVZ3/c/18179527783180530
29,,mpquezadam,44214221,"2021-09-06 20:21:22",0,@amazonianhipster,17944305397523440,https://www.instagram.com/p/CTdkvFPoVZ3/c/17944305397523440
30,,mpquezadam,44214221,"2021-09-06 20:21:27",0,@camibrix,17921377324862921,https://www.instagram.com/p/CTdkvFPoVZ3/c/17921377324862921
31,,mpquezadam,44214221,"2021-09-06 20:21:34",0,@isasanchez94,17915448952878013,https://www.instagram.com/p/CTdkvFPoVZ3/c/17915448952878013
32,,mpquezadam,44214221,"2021-09-06 20:21:37",0,@mjansa,17929216531700416,https://www.instagram.com/p/CTdkvFPoVZ3/c/17929216531700416
33,,mpquezadam,44214221,"2021-09-06 20:21:46",0,@yesscoosemans,17930160253725914,https://www.instagram.com/p/CTdkvFPoVZ3/c/17930160253725914
34,,pauarriaza,194208100,"2021-09-06 20:22:13",0,"@gabyymartinezg dales follow ❤️",17901005477192035,https://www.instagram.com/p/CTdkvFPoVZ3/c/17901005477192035
35,,pauarriaza,194208100,"2021-09-06 20:22:19",0,@danielamartineezg,17949948040483482,https://www.instagram.com/p/CTdkvFPoVZ3/c/17949948040483482
36,,pauarriaza,194208100,"2021-09-06 20:22:25",0,@paumartinezg,17908595879090058,https://www.instagram.com/p/CTdkvFPoVZ3/c/17908595879090058
37,,mpquezadam,44214221,"2021-09-06 20:22:28",0,@isabella18sara,18174793663145621,https://www.instagram.com/p/CTdkvFPoVZ3/c/18174793663145621
38,,mpquezadam,44214221,"2021-09-06 20:22:43",0,@mariasaenz__,18022483465317719,https://www.instagram.com/p/CTdkvFPoVZ3/c/18022483465317719
39,,mpquezadam,44214221,"2021-09-06 20:22:48",0,@quezo07,17920019362885540,https://www.instagram.com/p/CTdkvFPoVZ3/c/17920019362885540
40,,pauarriaza,194208100,"2021-09-06 20:22:51",1,@gabyfloresgurdian,17916936790932623,https://www.instagram.com/p/CTdkvFPoVZ3/c/17916936790932623
41,,tefagallio24,30578119,"2021-09-06 20:24:15",0,@luchavm,17920447774882731,https://www.instagram.com/p/CTdkvFPoVZ3/c/17920447774882731
42,,tefagallio24,30578119,"2021-09-06 20:24:19",0,@lucygarcia18,17892832781349688,https://www.instagram.com/p/CTdkvFPoVZ3/c/17892832781349688
43,,ximem99,24922826,"2021-09-06 20:24:24",0,@murielcardenass,17881257056422653,https://www.instagram.com/p/CTdkvFPoVZ3/c/17881257056422653
44,,ximem99,24922826,"2021-09-06 20:24:28",0,@marianaescalonj,17937833287565352,https://www.instagram.com/p/CTdkvFPoVZ3/c/17937833287565352
45,,tefagallio24,30578119,"2021-09-06 20:24:29",1,@pichitahl,17887252907425575,https://www.instagram.com/p/CTdkvFPoVZ3/c/17887252907425575
46,,ximem99,24922826,"2021-09-06 20:24:31",0,@maria.hernandezr,17904996152128445,https://www.instagram.com/p/CTdkvFPoVZ3/c/17904996152128445
47,,ximem99,24922826,"2021-09-06 20:24:33",0,@asaravia2,17873708648504462,https://www.instagram.com/p/CTdkvFPoVZ3/c/17873708648504462
48,,tefagallio24,30578119,"2021-09-06 20:24:36",0,@geraldpuccetti,18248171734055156,https://www.instagram.com/p/CTdkvFPoVZ3/c/18248171734055156
49,,ximem99,24922826,"2021-09-06 20:24:39",0,@_valemayorga,18123297835245026,https://www.instagram.com/p/CTdkvFPoVZ3/c/18123297835245026
50,,ximem99,24922826,"2021-09-06 20:24:42",0,@isabeelgamez,18250999801002436,https://www.instagram.com/p/CTdkvFPoVZ3/c/18250999801002436
51,,tefagallio24,30578119,"2021-09-06 20:24:53",0,@maris15592,17942010451573728,https://www.instagram.com/p/CTdkvFPoVZ3/c/17942010451573728
52,,tefagallio24,30578119,"2021-09-06 20:25:03",0,@paulinamontenegro,18000665644361078,https://www.instagram.com/p/CTdkvFPoVZ3/c/18000665644361078
53,,tefagallio24,30578119,"2021-09-06 20:25:07",0,@beamendozaf,17941153243541666,https://www.instagram.com/p/CTdkvFPoVZ3/c/17941153243541666
54,,tefagallio24,30578119,"2021-09-06 20:25:13",0,@anamf90,17936238160623405,https://www.instagram.com/p/CTdkvFPoVZ3/c/17936238160623405
55,,tefagallio24,30578119,"2021-09-06 20:25:20",0,@mareabascal,18146879563175986,https://www.instagram.com/p/CTdkvFPoVZ3/c/18146879563175986
56,,tefagallio24,30578119,"2021-09-06 20:25:24",0,@suadtalgi,18145025230174597,https://www.instagram.com/p/CTdkvFPoVZ3/c/18145025230174597
57,,ximejansa,22750506,"2021-09-06 20:26:15",0,@fabuch,17975514337422505,https://www.instagram.com/p/CTdkvFPoVZ3/c/17975514337422505
58,,ximejansa,22750506,"2021-09-06 20:26:22",0,@danisosa9,17861675666608939,https://www.instagram.com/p/CTdkvFPoVZ3/c/17861675666608939
59,,msaenzca,5664635747,"2021-09-06 20:26:41",0,@emisanz,17923037344838168,https://www.instagram.com/p/CTdkvFPoVZ3/c/17923037344838168
60,,msaenzca,5664635747,"2021-09-06 20:26:45",0,@mariannemorel,18237348343067196,https://www.instagram.com/p/CTdkvFPoVZ3/c/18237348343067196
61,,msaenzca,5664635747,"2021-09-06 20:26:49",0,@saraluttma,17927156839744736,https://www.instagram.com/p/CTdkvFPoVZ3/c/17927156839744736
62,,msaenzca,5664635747,"2021-09-06 20:26:53",0,@monaerales,17983347736402174,https://www.instagram.com/p/CTdkvFPoVZ3/c/17983347736402174
63,,ximejansa,22750506,"2021-09-06 20:26:54",0,@luzmanckermann,17926016812711364,https://www.instagram.com/p/CTdkvFPoVZ3/c/17926016812711364
64,,ximem99,24922826,"2021-09-06 20:26:54",0,@isabeelgamez,17933385727650451,https://www.instagram.com/p/CTdkvFPoVZ3/c/17933385727650451
65,,ximem99,24922826,"2021-09-06 20:26:57",0,@nicollewahl_,18145469056168643,https://www.instagram.com/p/CTdkvFPoVZ3/c/18145469056168643
66,,msaenzca,5664635747,"2021-09-06 20:26:58",0,@mpquezadam,17909872886029174,https://www.instagram.com/p/CTdkvFPoVZ3/c/17909872886029174
67,,ximejansa,22750506,"2021-09-06 20:26:58",0,@mjansa,17880417470518695,https://www.instagram.com/p/CTdkvFPoVZ3/c/17880417470518695
68,,ximem99,24922826,"2021-09-06 20:27:01",0,@claudisg7,18193547020116253,https://www.instagram.com/p/CTdkvFPoVZ3/c/18193547020116253
69,,ximem99,24922826,"2021-09-06 20:27:08",0,@alystrong40,18178020262180573,https://www.instagram.com/p/CTdkvFPoVZ3/c/18178020262180573
70,,ximem99,24922826,"2021-09-06 20:27:12",0,@asaravia2,17910324290063257,https://www.instagram.com/p/CTdkvFPoVZ3/c/17910324290063257
71,,ximem99,24922826,"2021-09-06 20:27:16",0,@isajongezoon,17881907480418717,https://www.instagram.com/p/CTdkvFPoVZ3/c/17881907480418717
72,,ximem99,24922826,"2021-09-06 20:27:18",0,@luchavm,18253441075048718,https://www.instagram.com/p/CTdkvFPoVZ3/c/18253441075048718
73,,ximejansa,22750506,"2021-09-06 20:27:30",1,@mpquezadam,18187208425187488,https://www.instagram.com/p/CTdkvFPoVZ3/c/18187208425187488
74,,mpquezadam,44214221,"2021-09-06 20:27:49",0,@ximejansa,17895065951210064,https://www.instagram.com/p/CTdkvFPoVZ3/c/17895065951210064
75,,valeriafratti,18220014,"2021-09-06 20:28:16",0,@alepacas,18013651720335600,https://www.instagram.com/p/CTdkvFPoVZ3/c/18013651720335600
76,,valeriafratti,18220014,"2021-09-06 20:28:20",0,@marcelafratti,18188661493187794,https://www.instagram.com/p/CTdkvFPoVZ3/c/18188661493187794
77,,valeriafratti,18220014,"2021-09-06 20:28:24",0,@luluchacong,18201299617098903,https://www.instagram.com/p/CTdkvFPoVZ3/c/18201299617098903
78,,valeriafratti,18220014,"2021-09-06 20:28:33",0,@regiszimeri,18202264765102843,https://www.instagram.com/p/CTdkvFPoVZ3/c/18202264765102843
79,,valeriafratti,18220014,"2021-09-06 20:28:40",0,@nfratti,17932527652659031,https://www.instagram.com/p/CTdkvFPoVZ3/c/17932527652659031
80,,valeriafratti,18220014,"2021-09-06 20:28:43",0,@camivaldez,18143106211200559,https://www.instagram.com/p/CTdkvFPoVZ3/c/18143106211200559
81,,valeriafratti,18220014,"2021-09-06 20:28:50",0,@fitnesscoachale,17863530755550783,https://www.instagram.com/p/CTdkvFPoVZ3/c/17863530755550783
82,,stefifig,196943817,"2021-09-06 20:28:54",0,@mocagds,17911642570925511,https://www.instagram.com/p/CTdkvFPoVZ3/c/17911642570925511
83,,ximejansa,22750506,"2021-09-06 20:29:22",0,@paumorales92,17904580496156101,https://www.instagram.com/p/CTdkvFPoVZ3/c/17904580496156101
84,,ximejansa,22750506,"2021-09-06 20:29:28",0,@jimeangb,17898275384321127,https://www.instagram.com/p/CTdkvFPoVZ3/c/17898275384321127
85,,stefifig,196943817,"2021-09-06 20:29:47",0,@curibe1,17881082660427402,https://www.instagram.com/p/CTdkvFPoVZ3/c/17881082660427402
86,,ximejansa,22750506,"2021-09-06 20:29:47",0,@laurazaidevilla,17953074442470705,https://www.instagram.com/p/CTdkvFPoVZ3/c/17953074442470705
87,,ximejansa,22750506,"2021-09-06 20:29:51",0,@titichaconc,17910721622054931,https://www.instagram.com/p/CTdkvFPoVZ3/c/17910721622054931
88,,stefifig,196943817,"2021-09-06 20:29:53",0,@beba_abascal,18164777152194333,https://www.instagram.com/p/CTdkvFPoVZ3/c/18164777152194333
89,,stefifig,196943817,"2021-09-06 20:30:00",0,@andrea.herrarte,18012793336335881,https://www.instagram.com/p/CTdkvFPoVZ3/c/18012793336335881
90,,ximejansa,22750506,"2021-09-06 20:30:00",1,@vaneanckermann,18002865634359390,https://www.instagram.com/p/CTdkvFPoVZ3/c/18002865634359390
91,,stefifig,196943817,"2021-09-06 20:30:08",0,@carlosymarianella,17888257847395699,https://www.instagram.com/p/CTdkvFPoVZ3/c/17888257847395699
92,,stefifig,196943817,"2021-09-06 20:30:13",0,@sofiamr89,17928038368740969,https://www.instagram.com/p/CTdkvFPoVZ3/c/17928038368740969
93,,stefifig,196943817,"2021-09-06 20:30:27",0,@edithpaiz,17917269484925786,https://www.instagram.com/p/CTdkvFPoVZ3/c/17917269484925786
94,,stefifig,196943817,"2021-09-06 20:30:33",0,@mofilu,17929074931697338,https://www.instagram.com/p/CTdkvFPoVZ3/c/17929074931697338
95,,stefifig,196943817,"2021-09-06 20:30:47",0,@anamariasosa,17937787570567071,https://www.instagram.com/p/CTdkvFPoVZ3/c/17937787570567071
96,,stefifig,196943817,"2021-09-06 20:30:51",1,@jmnsoto,17886670691510135,https://www.instagram.com/p/CTdkvFPoVZ3/c/17886670691510135
97,,ximejansa,22750506,"2021-09-06 20:30:59",0,@nicoanckermann,17987236759379104,https://www.instagram.com/p/CTdkvFPoVZ3/c/17987236759379104
98,,ximejansa,22750506,"2021-09-06 20:31:03",0,@paulinamatzer,17921237047869695,https://www.instagram.com/p/CTdkvFPoVZ3/c/17921237047869695
99,,pauarriaza,194208100,"2021-09-06 20:31:04",0,"@majolz ❤️",17913978178967391,https://www.instagram.com/p/CTdkvFPoVZ3/c/17913978178967391
100,,ximejansa,22750506,"2021-09-06 20:31:07",0,@merdmenger,18191917588188773,https://www.instagram.com/p/CTdkvFPoVZ3/c/18191917588188773
